,entropy,nb_M,nb_F,Freq_M/F,filename
0,0.643309355097,2,0,1,Aabbey1-InvitationToSummer2009RabbinicalStudySeminarAtHartmanIn262
1,0.230869740153,1,1,1.0,Aabbey1-RachelSabathBeitHalachmiThreeModelsOfTorahOnCelebrating136
2,0.44189803546,1,1,1.0,Aabbey1-ShalomHartmanInstitutesInnovativeTheologyConference661
3,0.431364610651,6,6,1.0,Acnethai-414
4,0.666553087566,5,2,2.5,Acnethai-EP4HowToMakeUpForAcneFromBobbiBrown565
5,0.956837441147,1,1,1.0,Actorsandcrew-TheBigBreak844
6,0.0,0,1,0.0,Akachan-XF3ARMYProjectPromo360
7,0.576049227288,4,2,2.0,Anglicantv-FCA2009ArchbishopVenables921
8,0.99896324739,2,0,1,Anglicantv-FCA2009BishopBenn159
9,0.610239259108,6,1,6.0,Anglicantv-FCA2009InterviewWithArchbishopJensenAndArchbishopVeneabl988
10,0.74269550788,2,0,1,Anglicantv-FCA2009RevRoberts569
11,0,0,0,0,Barandide-CarmenTrailer259
12,0.674652294104,1,1,1.0,Barandide-PucciniMadameButterfly740
13,0.524885012982,4,9,0.4444444444444444,Bavc-GossipChismeDeborah157
14,0.720573919883,1,1,1.0,Bavc-GustavosStoryHistoriaDeGustavoIvonne893
15,0.658977680242,0,2,0.0,Bavc-MyPrinceCharmingMiPrincipeAzulVeronica726
16,0.966671386925,1,1,1.0,Bluecanoerecords-BlessYou868
17,0.0,0,1,0.0,Bluecanoerecords-DatzIt241
18,0.0,1,0,1,Bluecanoerecords-JosephPatrickMooreTalksAboutMilesDavis954
19,0.0,0,1,0.0,Bluecanoerecords-NabilKhemir770
20,0.0,1,0,1,Cariblifecentral-3EnergyGodElephantManMiamiDancehallConcert780
21,0.952539950875,1,1,1.0,Celluloidremix-Cellushape912
22,0.170350127897,1,1,1.0,ChefsLine-IsraeliCouscous910
23,0.462908167904,1,2,0.5,ChefsLine-KansasCityBarbecueSauce196
24,0.581329488935,1,1,1.0,ChefsLine-PastaFrittata697
25,0.486947405392,2,2,1.0,ChefsLine-SpicyLambBurgersWithRaita938
26,0.432854948222,1,2,0.5,Chuckm-SummerInTheCityACappella546
27,0,0,0,0,ClaudeBesson-JOYEUXNOEL355
28,0.518462417664,1,1,1.0,ClaudeBesson-LesNewsDuCARGOClub218
29,0,0,0,0,ClaudeBesson-ROCKAAGORA28012007188
30,0.527279359934,1,1,1.0,Clif-Episode1570
31,0.864620748237,2,0,1,CookingUpAStory-BackyardChickensTourDeCoops216
32,0.994034609526,1,1,1.0,CorrosionDC-MightyMikeSagaAndC365RadioCrashYour4thOfJulyParty655
33,0.0,1,0,1,Coruway-BaldGuyOnClimateChange001743
34,0.993136751855,1,1,1.0,Craigleach21-MultiMovements433
35,0.0,1,0,1,Crashsolo-OneMinuteSemiHomemadeMoneySavingMeals299
36,0.0,1,0,1,Critter-InsanityWeek3Day3400
37,0.189330671946,1,1,1.0,Culinarymedia-ChefMarksQuickBitesBlackGarlic132
38,0.0,0,1,0.0,Culinarymedia-CMNVideoCocktailHourBasilMoTeato848
39,0.580590948155,4,4,1.0,Culinarymedia-CMNVideoDiscoveringColonialVirginia791
40,0.0,0,1,0.0,Culinarymedia-CMNVideoForkInTheRoadPerSe357
41,0.542294607826,3,1,3.0,Culinarymedia-QuickBitesHawaiiKapaluaFarmsComposting226
42,0.43362992768,1,1,1.0,Culinarymedia-QuickBitesHawaiiMakawaoMushroomsMaui217
43,0.577835507552,3,1,3.0,Culinarymedia-QuickBitesWalesNationalBotanicGarden555
44,0.0,1,0,1,CutthroatMolloy-AskScuurvy607
45,0.0,1,0,1,CutthroatMolloy-VictorianBushfiresBenefitGigSUNMarch1stMonstrothic235Ed551
46,0.0,1,0,1,CutthroatMolloy-WhatCouldBeBetter245
47,0.0,0,1,0.0,Daterobertpattinson-RobertPattinsonInLoveShowersKristenStewartWithGifts930
48,0.0,1,0,1,Davidleeking-djembe139
49,0,0,0,0,Davidleeking-fun409
50,0.0,1,0,1,Deepintosports-DeepIntoSportscom31109WorldBaseballClassicWatchIt345
51,0.0,1,0,1,Deepintosports-DeepIntoSportscom41109LessonsFromNickAdenhart789
52,0.0,1,0,1,Deepintosports-DeepIntoSportscom51909PlayoffLetdowns846
53,0.798091230871,2,3,0.6666666666666666,DetrimentalInformati-BattleForTheTenCommandments529
54,0.551129428865,3,1,3.0,DigitalFrontiers-ApolloBeyondCh21Of21TheFinalSolution255
55,0.15536794447,2,1,2.0,Dinap830-GE17HeartOpeningStuff494
56,0.711663304945,0,3,0.0,Dinap830-GE22QuadsInnerHotness754
57,0.278078172801,0,2,0.0,Dinap830-GE26BindsThoseBlastedTraps955
58,0.826229155718,0,2,0.0,Dinap830-GE27CoreTransversusSixPack251
59,0.315135057323,0,2,0.0,Dinap830-GE32AlternatingNostrilsBrains976
60,0.545418617753,0,4,0.0,Dinap830-GE36EwLocusts586
61,0.925712304465,0,2,0.0,Dinap830-GE42ExercisesNotNice773
62,0.47067375484,1,3,0.3333333333333333,Dinap830-GE50PostPartyTwist630
63,0.963234798876,0,2,0.0,Dinap830-GE54CockeyedTwistArr876
64,0.457248268143,1,4,0.25,Dinap830-GE75TwoGurusADoOver839
65,0.0,0,1,0.0,Dinap830-GE84PitsOpenNoBlues628
66,0.690495708243,0,2,0.0,Dinap830-GE93AlmostAtPeakPoseStretches509
67,0.878185778934,0,2,0.0,Dinap830-GE96WallNStrapStretching900
68,0.0,1,0,1,Dobro33H-CheapThrils651
69,0.468706084216,4,3,1.3333333333333333,Drinkart-MakersMarkEggNogArtOfTheDrink51899
70,0.524985527631,3,2,1.5,Drinkart-SharkIceArtOfTheDrink67614
71,0.787081225967,4,1,4.0,Drinkart-SingaporeSlingArtOfTheDrink50269
72,0.916872878292,2,1,2.0,DrinkingWithBob-BritneySpearsIsGoingOnTour210
73,0.741728592957,3,1,3.0,Eclectone-HappyNewYearFromEclectoneRecords790
74,0.342903347359,1,1,1.0,EconomyInCrisis-AlternativeFuelsComeback948
75,0.34814013665,2,0,1,EconomyInCrisis-AmericasRoots430
76,0.288460824255,2,0,1,EconomyInCrisis-ASolutionToTheTradeDeficit674
77,0.306567871421,2,0,1,EconomyInCrisis-BailoutInfighting736
78,0.94061180754,2,1,2.0,EconomyInCrisis-EconomicIlliteracy922
79,0.2258098572,2,0,1,EconomyInCrisis-FallingUSTaxRevenue222
80,0.196984824264,2,0,1,EconomyInCrisis-FalseFlagsOfRecovery150
81,0.290741936705,2,0,1,EconomyInCrisis-FearsOfANewRecession436
82,0.280687924134,2,0,1,EconomyInCrisis-FinancialReform130
83,0.461581860396,2,0,1,EconomyInCrisis-FixingTheEconomy183
84,0.283102181415,2,0,1,EconomyInCrisis-FreeTradeAndTheClassWar750
85,0.210032112844,2,0,1,EconomyInCrisis-GMBankruptcy879
86,0.309402739939,2,0,1,EconomyInCrisis-JusticeSoutersRetirement978
87,0.267042406944,2,0,1,EconomyInCrisis-MadeInTheUSA595
88,0.77300927533,2,0,1,EconomyInCrisis-PatChoateGovernment846
89,0.250934984474,2,0,1,EconomyInCrisis-PotentialSolutions463
90,0.273200146126,2,0,1,EconomyInCrisis-RoubinisViewOfRecovery247
91,0.455810078941,2,0,1,EconomyInCrisis-TeslaMotors948
92,0.240734496751,2,0,1,EconomyInCrisis-TheAmericanDollar110
93,0.2486490434,2,0,1,EconomyInCrisis-TheCostOfFixingTheUS363
94,0.235440615192,2,0,1,EconomyInCrisis-TheEconomyIsWorseThanItAppears264
95,0.284540307762,2,0,1,EconomyInCrisis-TheFedTransparencyAct911
96,0.253710408084,2,0,1,EconomyInCrisis-TradeDeficitFallsForAllTheWrongReasons193
97,0.264972776769,2,0,1,EconomyInCrisis-WarrenBuffettInflationOnTheHorizon879
98,0.945071488118,1,1,1.0,Eddiedotcom-TheCandySong809
99,0.968275259055,3,0,1,Eduardoquezada-CarlosTheInternWinsSingingContest253
100,0.0,1,0,1,Eduardoquezada-EduardoQuezadaEscandonEditorial419
101,0.621329096694,1,1,1.0,Eduardoquezada-QuerenciaCancionInterpretadaPorLosHnosQuezada599
102,0.828847103415,3,2,1.5,Eighthrs-HardLuck790
103,0.65326529826,2,1,2.0,Elinertv-CurtMegaAndLightInThePiazza111
104,0.621541583084,2,0,1,EngenderHealth-www3for1orgFromEngenderHealth990
105,0.81744908464,1,1,1.0,Etopianewsnow-EdwardBunkerOnTheSocialContractAndSlavery908
106,0.906259304493,2,1,2.0,Etopianewsnow-MarcLawrenceTalksAboutLongTimeNoSee175
107,0.0,0,1,0.0,Etopianewsnow-MarcyWinograds2006CampaignSpot458
108,0.0,0,1,0.0,Etopianewsnow-RachelMcAdamsExpressesGratitudeToTechnologyAtAMPASTechA158
109,0.0,1,0,1,Fbchattiesburg-Miracle961
110,0.0,1,0,1,Fbchattiesburg-OComeOCome735
111,0.0,1,0,1,Fbchattiesburg-ThisIsOurGod551
112,0.977657288552,2,0,1,Fcumtv-CharlieOLoughlinChatsToFCUMTVAfterNantwichH130409932
113,0.0,1,0,1,Fcumtv-FCUnitedVAshtonUnited250309THEGOALS940
114,0.911302605986,1,1,1.0,Fcumtv-FCUnitedVBradfordParkAvenueNPL250409GOALS284
115,0.962977824307,2,0,1,Fcumtv-MOTMSamAshtonChatsToFCUMTVAfterNFerriby04_04_09397
116,0.992810556713,2,0,1,Fcumtv-NantwichFACInterviewKyleWilson752
117,0.999173281747,0,2,0.0,FinancialAidPodcas-2008SuperBowlXLIIAdFromTheStudentLoanNetwork346
118,0.0,1,0,1,Francoventoso-2MarcoCalcinaroECarloDeSignoribusBluesOnTheRoad234
119,0.664976251889,3,2,1.5,Francoventoso-3CarloDeSignoribusEAltriBluesOnTheRoad581
120,0.546735587902,2,2,1.0,Francoventoso-francomorone6766
121,0.0,0,1,0.0,Globaldyana-4thOfJulyInMexicoCityAtArroyoRestaurant253
122,0.0,1,0,1,Golf-GolfTipLoosenUpTheGolfSwingAndStartFeeling469
123,0.0,0,1,0.0,Golf-GolfTipStopTheThoughtProcessAndStartFeeling612
124,0.331562374092,2,1,2.0,Golf-PuttingOnFastGreens920
125,0.0,1,0,1,Golf-QolfGameHighlight190
126,0.0,0,1,0.0,Golf-YesDonnaPutter794
127,0.0,1,0,1,GolfLifeTips-HitLongDrivesWithThisPowerTip197
128,0.0,1,0,1,GolfLifeTips-TaylormadeTourBurnerDriverReview339
129,0.548631165041,6,2,3.0,Gracebible-052409PMRememberPeopleOnMemorialDay592
130,0.907269588231,3,0,1,Griotgreg-2009AcuraTLSHAWD834
131,0.920578552279,3,1,3.0,Griotgreg-2009VWTOUAREGTDI665
132,0.679215430235,2,0,1,Griotgreg-2010LexysHS250h753
133,0.826361283143,2,0,1,Griotgreg-BentleyContientalGT224
134,0.0,1,0,1,Griotgreg-HondaInsight305
135,0.940840612158,3,0,1,Griotgreg-NissanAltimaCoupe487
136,0.692599807052,2,1,2.0,Griotgreg-TheVeggieCar998
137,0.0,1,0,1,Grollett-GRoUpdateOnRockForHungerFest3719
138,0.0,1,0,1,Guidonia-DisabiliAGuidoniaMontecelio111
139,0,0,0,0,Guidonia-LionsPubTivoliLocaleSalsaKaraokePianoBarVillaAdrian290
140,0.0,0,1,0.0,Guidonia-LionsPubTivoliLocaleSalsaKaraokePianoBarVillaAdrian479
141,0.0,0,1,0.0,Guidonia-LionsPubTivoliLocaleSalsaKaraokePianoBarVillaAdrian886
142,0,0,0,0,Guidonia-palestraguidoniacollefiorito361
143,0.521340133229,4,6,0.6666666666666666,GVTVNEWS-GVTVNews010308NCTV11Part2854
144,0.514787042124,2,5,0.4,GVTVNEWS-GVTVNews010508NCTV11Part2805
145,0.41492246095,2,3,0.6666666666666666,GVTVNEWS-GVTVNews070307540
146,0.0,0,1,0.0,GVTVNEWS-GVTVNews073108NCTV11557
147,0.0,0,1,0.0,GVTVNEWS-GVTVWeather072007743
148,0.840190725208,4,2,2.0,Heywood-EKGZZLiveMusicVideoCheapSunGlasses717
149,0.0,0,1,0.0,Hrocus-BradKlippert400
150,0.0,1,0,1,Hrocus-BruceDammeier493
151,0.0,0,1,0.0,Hrocus-JanAngel693
152,0.0,0,1,0.0,Hrocus-JohnAhern223
153,0.0,0,1,0.0,Hrocus-norma2891
154,0.0,0,1,0.0,InnerBonding-UnderstandingAndOvercomingAddictions970
155,0,0,0,0,Ironmanrecords-LastUnderTheSunNotInMyName2004Breizh383
156,0,0,0,0,Ironmanrecords-LastUnderTheSunTheDon758
157,0.0,1,0,1,Jake-JeanMichelJarreOxygenePlayedByMeOnTheKeyboard480
158,0.76388358073,1,1,1.0,Jasonheath-BassByChrisThrelkeldWiegand763
159,0.0,1,0,1,Jasonheath-BassForSaleContactToddMatthewsForDetails997
160,0,0,0,0,Jasonheath-IanHallasPerformsBottesiniMvt1997
161,0.540181789456,1,1,1.0,Jasonheath-MyCrazyStandPartner806
162,0.0,1,0,1,Jasonheath-RealitiesOfFulltimeFreelancing244
163,0.236961499224,2,0,1,JeffBrooks-CarCraftNationals2008CorvetteZ06181
164,0.0,1,0,1,JeffBrooks-WelcomeToScreamFresh457
165,0.828111161744,1,3,0.3333333333333333,JillForrest-YogaBabyEpisode21724
166,0.0,0,1,0.0,JimCropcho-jimUglyBetty704
167,0.0,1,0,1,Johnlieberman-FoodgangFrenchRestaurantMiamiBeachSurfsideReviewByJohnL624
168,0.997441417459,2,0,1,Johnlieberman-SpecchioItalianRestaurantMiamiBeachSurfsideReviewByJohn753
169,0.879988514765,2,2,1.0,KELLYTV-ANGELSANDDEMONSFEATURETTE369
170,0.675246966527,2,3,0.6666666666666666,KELLYTV-IFIWASYOURMANBYJOE111
171,0.7855914404,2,1,2.0,KELLYTV-LIFEAFTERDEATHJAMALWOODARDSOULSNATCHER818
172,0.802912461389,1,3,0.3333333333333333,KELLYTV-PRECIOUSMOVIETRAILERBYTYLERPERRYNORRAH403
173,0.0,0,1,0.0,KELLYTV-SOUTHERNENTERTAINMENTAWARDSVOTE4KANERIDIAMOND211
174,0.0,0,1,0.0,Labambola-Teaser20DelVideobookDeCristinaDominguez639
175,0.109469681744,1,1,1.0,Lauraflanders-BillFletcherIranCommentaryOnGRITtv642
176,0.0,1,0,1,Lauraflanders-CommentaryAlexCarlin716
177,0.193359486841,2,0,1,Lauraflanders-DavidSirotaAFunnyThingHappenedOnTheWayToDenver739
178,0.22449183191,2,1,2.0,Lauraflanders-DavidSirotaCountryFirst158
179,0.265755529892,2,0,1,Lauraflanders-DavidSirotaMakingGoliathWalk993
180,0.0,0,1,0.0,Lauraflanders-FWordJuly72008594
181,0.155127549492,2,1,2.0,Lauraflanders-GRITtvCommentaryBillFletcherOnBaseball408
182,0.0,1,0,1,Lauraflanders-GRITtvCommentaryBrianJones977
183,0.213921195678,2,0,1,Lauraflanders-GRITtvCommentaryDavidSirotaOnJuly142008673
184,0.189910324698,2,0,1,Lauraflanders-GRITtvCommentaryDavidSirotaOnObamaAndCentrism866
185,0.0,1,0,1,Lauraflanders-GRITtvCommentaryDedrickMuhammad775
186,0.0,0,1,0.0,Lauraflanders-GRITtvCommentaryDoIHearABidForPatientDebt945
187,0.0,0,1,0.0,Lauraflanders-GRITtvCommentaryHeidiBoghosian632
188,0.997425496116,1,1,1.0,Lauraflanders-GRITtvCommentaryJune232008546
189,0.0,0,1,0.0,Lauraflanders-GRITtvCommentaryLauraFlandersOnDelMartinsPassing980
190,0.0,0,1,0.0,Lauraflanders-GRITtvCommentaryMarthaBurk867
191,0.0,0,1,0.0,Lauraflanders-GRITtvCommentaryMoniqueHarden9308247
192,0.0,0,1,0.0,Lauraflanders-GRITtvCommentarySomeThingsThatNeverChange896
193,0.0,0,1,0.0,Lauraflanders-GRITtvCommentaryTheFoodCrisis776
194,0.0,1,0,1,Lauraflanders-GRITtvDavidBenderOnTheHillaryRFKFlap225
195,0.997172631668,1,1,1.0,Lauraflanders-GRITtvFeaturesRemixDISAPPOINTMENTStranahan875
196,0.261250630229,1,1,1.0,Lauraflanders-GRITtvFWordJuly92008321
197,0.305647093567,2,3,0.6666666666666666,Lauraflanders-GRITtvPhyllisBennisCommentary874
198,0.0,0,1,0.0,Lauraflanders-LiveFromMainstreet902
199,0.0,0,1,0.0,Lauraflanders-TheFWordAugust112008131
200,0.0,0,1,0.0,Lauraflanders-TheFWordAugust122008443
201,0.0,0,1,0.0,Lauraflanders-TheFWordAugust132008181
202,0.0,0,1,0.0,Lauraflanders-TheFWordAugust142008569
203,0.0878040356106,1,2,0.5,Lauraflanders-TheFWordAugust182008896
204,0.0,0,1,0.0,Lauraflanders-TheFWordAugust192008478
205,0.13748125012,1,1,1.0,Lauraflanders-TheFWordAugust272008LiveFromDNC258
206,0.0,0,1,0.0,Lauraflanders-TheFWordAugust282008LiveFromDNC679
207,0.0,0,1,0.0,Lauraflanders-TheFWordAugust52008441
208,0.0,0,1,0.0,Lauraflanders-TheFWordAugust72008ISOLATED484
209,0.0,0,1,0.0,Lauraflanders-TheFWordJuly142008282
210,0.0,0,1,0.0,Lauraflanders-TheFWordJuly162008867
211,0.0,0,1,0.0,Lauraflanders-TheFWordJuly172008163
212,0.0,0,1,0.0,Lauraflanders-TheFWordJuly22008710
213,0.0,0,1,0.0,Lauraflanders-TheFWordJuly232008742
214,0.0,0,1,0.0,Lauraflanders-TheFWordJuly242008216
215,0.0,0,1,0.0,Lauraflanders-TheFWordJuly32008736
216,0.261250630229,1,1,1.0,Lauraflanders-TheFWordJuly92008224
217,0.0,0,1,0.0,Lauraflanders-TheFWordMourningStephanieTubbsJonesAugust212008222
218,0.127038436252,1,1,1.0,Lauraflanders-TheFWordSeptember22008627
219,0.0,0,1,0.0,Lauraflanders-TheFWordSeptember32008677
220,0.0,0,1,0.0,Lauraflanders-TheFWordSeptember82008269
221,0.138611582328,2,1,2.0,Lauraflanders-TheFWordSeptember92008677
222,0.0,0,1,0.0,Lauraflanders-TheFWordTheEconomyOfGenerosity808
223,0.0,0,1,0.0,Lauraflanders-TheFWordWhyIsntRoveInJail919
224,0.0,0,1,0.0,Lauraflanders-TheFWordWhyObamaNeedsANewDealAugust42008168
225,0.0,1,0,1,Legourmettv-1860BeerBrewingPart3901
226,0.507572436123,2,2,1.0,Legourmettv-BraisedVealInStout230
227,0.123898320867,1,2,0.5,Legourmettv-CajunSpiceRubRecipe979
228,0.068923609063,1,1,1.0,Legourmettv-CleaningMussels450
229,0.51527124227,1,1,1.0,Legourmettv-CuminSaladDressingRecipe423
230,0.0974187897277,1,1,1.0,Legourmettv-HotAndSpicyGrillRub861
231,0.455734472862,3,1,3.0,Legourmettv-HowToMakeAGrahamCrackerCrust902
232,0.270249570517,2,1,2.0,Legourmettv-HowToMakeEggMeringue127
233,0.132599278685,1,1,1.0,Legourmettv-MontrealSteakSpiceRecipe377
234,0.0,1,0,1,Legourmettv-PEIFoodFestivals124
235,0.0729820480534,1,1,1.0,Legourmettv-RibNChickenSpiceRubRecipe479
236,0.0,1,0,1,Lhgreene-RogueOperasLaBohemePromoVideo466
237,0.102676035176,1,1,1.0,Libationblog-CucumberCupCocktailRecipe810
238,0.605081940915,2,3,0.6666666666666666,Libationblog-JDSmoothieDrink389
239,0,0,0,0,Livingasiachannel-DTCCIDSFCOMPETITION190
240,0.0,0,1,0.0,Livingasiachannel-DTCCIDSFCOMPETITION980
241,0,0,0,0,Lorenzosmusic-DrinkinByMyselfLorenzosMusic722
242,0.452939821187,2,2,1.0,Luukdiphoorn-InternationalWaterHouseWithoutWater460
243,0.0,1,0,1,Maqex-AmorDeMadreLuisEnriqueMejaGodoy431
244,0.0,1,0,1,Marcdavid-BurnTheFatInnerCircleVideoTour518
245,0.586151528525,3,2,1.5,Marquisdejolie-IWasOnSteroids803
246,0.662132162754,2,3,0.6666666666666666,Marquisdejolie-PennyArcadeOfMyEarlyStuff522
247,0.186755334652,1,1,1.0,Marquisdejolie-VALiars489
248,0.906117526155,2,0,1,Marquisdejolie-VisitingTheShelterPart3147
249,0.194174519236,1,1,1.0,Mcusa-ArmorOfGod942
250,0.0,1,0,1,Mdtmusic-InTheNameOfTheFamilySuite496
251,0,0,0,0,Mdtmusic-Salvation491
252,0.989910500864,1,1,1.0,Mdtmusic-SpaceAce273
253,0.0,0,1,0.0,Mediagrouptv-CircuitoOff2008Day01OpeningParty179
254,0.619116128914,3,1,3.0,Mediagrouptv-SecondSexeTintoBrassKickTheCockCircuitoOff2008Day04684
255,0.511427981424,4,2,2.0,MeetCleaverTheatre-MCTBlackSheep339
256,0.543459118671,4,5,0.8,MeetCleaverTheatre-MCTTribulation99ZELDA494
257,1.00295019306,3,0,1,Menomenation-NoahGundersenJesusJesusLiveTheRedRoom3152009756
258,0.62577231229,2,1,2.0,Microdac-Birds199
259,0.761741798429,4,2,2.0,Mode2-LeeveyILikeLove494
260,0.730939639567,2,4,0.5,Mtaatv-AYFeatAvrilLeoRemix882
261,0.531890357772,3,1,3.0,Mtaatv-CannibalIWish186
262,0.849541411352,1,2,0.5,Mtaatv-WyreSheSayDat487
263,0.0,0,1,0.0,Muzik4machines-MuddyMilfshakeMuzik4MachinesNewRoomIMovie743
264,0.0,1,0,1,Nerdgasmic-BattlestarGalacticaRevelations479
265,0.620719324364,7,2,3.5,Newsdate2011-Episode1ADevilOnMyDesk541
266,0.674036788067,2,4,0.5,NickDutch-AGhostStory421
267,0.0,1,0,1,NickDutch-FreeTarotReadings127
268,0.0,1,0,1,NickDutch-FreeTarotReadings262
269,0.0,1,0,1,NickDutch-FreeTarotReadings291
270,0.42902772062,4,2,2.0,NickDutch-FreeTarotReadings465
271,0.506233277798,4,3,1.3333333333333333,NickDutch-FreeTarotReadings781
272,0.223011962121,1,1,1.0,NickDutch-TheTarotShowWithNickDutch435
273,0.604309638463,2,1,2.0,NickDutch-TheTarotShowWithNickDutch513
274,0.446153591479,5,3,1.6666666666666667,NickDutch-TheTarotShowWithNickDutch568
275,0,0,0,0,Nitaai-00001EveryActionHasReaction589
276,0.242176267136,1,1,1.0,Nitaai-00001SoundVibration952
277,0.465959215352,2,2,1.0,Nitaai-00003JanuKunda829
278,0.424603620001,8,7,1.1428571428571428,Nitaai-0004GundichaMarjanaPastime1525
279,0.682209277295,2,0,1,Nitaai-02AllPotenciesinHolyName292
280,0.800935434514,4,2,2.0,Nitaai-07Rathayatra981
281,0.0,1,0,1,Oneteaaweek-OneTeaAWeekIntroductionVideoPodcast418
282,0.716023370163,3,4,0.75,Opiatefilms-BasketcaseActionscifiWebseriesPilot459
283,0.609184657115,4,2,2.0,Opiatefilms-SimonEmilyFHTAPromoHQ175
284,0.0,1,0,1,Palau-PortlandCityFestPromo682
285,0.0,1,0,1,Palau2-PortlandCityCouncilMeetingNickFishCommentsOnSeasonOfSe206
286,0.788662107868,2,1,2.0,Palau2-SeasonOfServiceOverviewForCatalyst393
287,0.888104797784,2,0,1,Patrizio_m-50CentFeatJustinTimberlakeAyoTechnologyPatrizioMarchesa792
288,0.624679318727,2,1,2.0,PDXK-CyclocrossCrusadeAlpenroseRacePromo841
289,0.40750439692,1,2,0.5,PDXK-DrillBabyDrillAtTheRNC569
290,0.0,1,0,1,Petepo-DriveLessSaveMoreInfomercial904
291,0.684296307203,1,2,0.5,Plus1tv-BarcraftTrailer801
292,0.780754469817,3,1,3.0,Poetminor158-BllyLittleInterview663
293,0.392241537172,3,1,3.0,Poetminor158-ElderJosephLTolton322
294,0.581697373474,2,4,0.5,Poetminor158-ReverendJamaulRoots260
295,0.792864388222,2,2,1.0,Poetminor158-ThePoetOfTheMillenium230
296,0.229350124099,1,1,1.0,Politicallunch-PoliticalLunch011508597
297,0.0,1,0,1,Politicallunch-PoliticalLunch022108ThursdaySnack106
298,0.24250394715,1,1,1.0,Politicallunch-PoliticalLunch022908795
299,0.184701280706,1,2,0.5,Politicallunch-PoliticalLunch031108TuesdaySnack693
300,0.259839700903,1,1,1.0,Politicallunch-PoliticalLunch031808TuesdaySnack327
301,0.281321444547,1,1,1.0,Politicallunch-PoliticalLunch032508TuesdaySnack271
302,0.832168359444,2,1,2.0,Politicallunch-PoliticalLunch040908974
303,0.0,1,0,1,Politicallunch-PoliticalLunch041008GayRightsThursdaySnack297
304,0.339204302178,1,1,1.0,Politicallunch-PoliticalLunch041508TaxDaySpecial648
305,0.252335490641,1,1,1.0,Politicallunch-PoliticalLunch042108930
306,0.515980211115,1,2,0.5,Politicallunch-PoliticalLunch042408ThursdaySnack939
307,0.816939050001,2,1,2.0,Politicallunch-PoliticalLunch042508736
308,0.23313834569,1,1,1.0,Politicallunch-PoliticalLunch042908TuesdaySnack650
309,0.0,1,0,1,Politicallunch-PoliticalLunch050608PrimaryTuesdaySnack577
310,0.277068374207,1,1,1.0,Politicallunch-PoliticalLunch050808MichiganSnack528
311,0.294865342346,1,1,1.0,Politicallunch-PoliticalLunch051308111
312,0.0,1,0,1,Politicallunch-PoliticalLunch052708875
313,0.19979623509,2,2,1.0,Politicallunch-PoliticalLunch081208TuesdaySnack407
314,0.573310202812,2,2,1.0,Politicallunch-PoliticalLunch090608BrunchSpecial10Lessons852
315,0.0,1,0,1,Politicallunch-PoliticalLunch090908TuesdaySnack967
316,0.0,1,0,1,Politicallunch-PoliticalLunch092308150StrategySnack991
317,0.51563572681,1,2,0.5,Politicallunch-PoliticalLunch093008BailoutBillBlameGameSnack740
318,0.240779134405,2,1,2.0,Politicallunch-PoliticalLunch100208VPDebateSnack646
319,0.217038015897,1,1,1.0,Politicallunch-PoliticalLunch100708TuesdaySnack145
320,0.214029586612,1,1,1.0,Politicallunch-PoliticalLunch101408ProtectingYourVote472
321,0.0,1,0,1,Politicallunch-PoliticalLunch102108TuesdaySnack635
322,0.0,1,0,1,Politicallunch-PoliticalLunch112007TuesdaySnack438
323,0.929485433347,2,2,1.0,PrivateLessons-PrivateLessonscomSoundbitesNewYorkSingerJacquelynFamilant367
324,0.902755796771,1,1,1.0,PrivateLessons-PRIVATELESSONSSoundbitesReneeSaxonPhoenixVoice206
325,0.987560025212,1,1,1.0,Publicdomain-advertisment_aurora_drag_race_set681
326,0.990164865232,2,0,1,Publicdomain-advertisment_baggies_plastic_bags573
327,0.719457749507,1,2,0.5,Publicdomain-advertisment_crest_toothpaste_1310
328,0.0,1,0,1,Publicdomain-advertisment_crest_toothpaste800
329,0.461216040514,0,2,0.0,Publicdomain-advertisment_folgers_coffee_10207
330,0.782190279419,2,1,2.0,Publicdomain-advertisment_folgers_coffee_5754
331,0.75885551557,1,1,1.0,Publicdomain-advertisment_folgers_coffee_8927
332,0.0,1,0,1,Publicdomain-advertisment_ge_bender408
333,0.0,0,1,0.0,Publicdomain-advertisment_ivory_soap497
334,0.657486559972,1,1,1.0,Publicdomain-advertisment_jet_national563
335,0.0,1,0,1,Publicdomain-advertisment_mennen_baby_magic442
336,0.538616941205,1,1,1.0,Publicdomain-advertisment_new_port_cigarettes_5531
337,0,0,0,0,Publicdomain-advertisment_newport_cigarettes_1259
338,0.730906768664,2,0,1,Publicdomain-advertisment_newport_cigarettes_3657
339,0.0,1,0,1,Publicdomain-advertisment_norelco_shaver677
340,0.0,1,0,1,Publicdomain-advertisment_oldsmobile_2707
341,0.592314906955,2,1,2.0,Publicdomain-advertisment_sunbeam_bread_1400
342,0.0,1,0,1,Publicdomain-advertisment_sunbeam_bread_4359
343,0.0,1,0,1,Publicdomain-advertisment_sunbeam_bread_6984
344,0.0,1,0,1,Publicdomain-advertisment_sunbeam_bread_8815
345,0.0,1,0,1,Publicdomain-advertisment_sunbeam_bread_9274
346,0.0,1,0,1,Publicdomain-advertisment_tide619
347,0.0,1,0,1,Publicdomain-advertisment_us_steel_1373
348,0.0,1,0,1,Publicdomain-advertisment_vicks_ny_quil298
349,0.0,1,0,1,Publicdomain-advertisment_vitalis876
350,0.0,0,1,0.0,Publicdomain-humorous_funny_faces_1906278
351,0,0,0,0,QueerAsFaith-MyLifeIsInYou910
352,0.0,1,0,1,Repgeorgemiller-CongressPassesLandmarkEnergyBill633
353,0.0,0,1,0.0,ReViewMe-FunStuffMyDogLibby508
354,0.958301856657,0,2,0.0,ReViewMe-LongAnimeSeriesRant505
355,0.426082350045,1,5,0.2,ReViewMe-ReViewMeEpisode11TwoForOneTwilightBookAndMovieReview756
356,0.0,0,1,0.0,ReViewMe-ReViewMeEpisode14SkilletAwakeAlbumDeluxeEdition473
357,0.0,0,1,0.0,ReViewMe-TsubasaReservoirChronicleVolumes16Unboxing339
358,0.468804185207,3,7,0.42857142857142855,Rhayes-Refresh08TuesdayMorning600
359,0.820353672257,3,3,1.0,Rhayes-TheFoundationForEvangelismWhatWeFund393
360,0,0,0,0,Rmc-BusLaneWithParkingSpaces977
361,0.787170022121,2,2,1.0,Robmumble-QManPromo445
362,0.0,0,1,0.0,Runadun-2008AnEggOdyssey534
363,0.822726154683,3,2,1.5,RVO174-Episode17Persimmons850
364,0.441746005031,6,4,1.5,Sabbah-ZionismVsJudaism498
365,1.05443631972,3,0,1,SceneStealers-IronManMovieReviewBySceneStealerscom872
366,0.0,0,1,0.0,SceneStealers-SceneStealerscomRedesignTeaser1666
367,0.0,0,1,0.0,SceneStealers-SceneStealerscomRedesignTeaser2723
368,0.0,1,0,1,Scottyiseri-SGAOJS02E24306
369,0.0,0,1,0.0,SEEPROGRESS-AfterTheEconomicMeltdown947
370,0.730530573607,2,6,0.3333333333333333,SEEPROGRESS-ANewEconomicEngineEnergyInThe21stCentury798
371,0.0,1,0,1,SEEPROGRESS-ApollosFireIgnitingAmericasCleanEnergyEconomy987
372,0.225535005639,2,1,2.0,SEEPROGRESS-BalacingTheBudgetIraqCostsShouldntStopInvestingInAmeric453
373,0.0,1,0,1,SEEPROGRESS-CleanMyRideFlexMyFuelStarringBenAffleckMattDamonCen180
374,0.0,1,0,1,SEEPROGRESS-ClimateChangeTheStateOfTheUnionASKTHEEXPERTDanWeis539
375,0.448045911057,0,2,0.0,SEEPROGRESS-TheHealthCareCrisis47MillionCantAffordToGetSick131
376,0.0,1,0,1,SEEPROGRESS-TheTyrranyOfDeadIdeasMattMillerHIGHLIGHTS844
377,0.286731528702,1,1,1.0,SEEPROGRESS-TheYahooMicosoftMergerHowPrivateIsYourPrivacyOnline274
378,0.0839402508949,2,0,1,SEEPROGRESS-ThisWeekInCongressJuly232007CenterForAmericanProgress303
379,0.071402199695,2,0,1,SEEPROGRESS-USIraqPolicyNeedsAStrategicResetDrLawerenceKorbOnRec361
380,0.0,1,0,1,SeraphimWines-SamScarparisWINEPORNOTV17469
381,0.889997241297,1,1,1.0,Sgallasch-2008ArnoldStrongmanClassicDVDPreview792
382,0,0,0,0,Sgallasch-2008NABBAUNIVERSEDVDPREVIEW975
383,0,0,0,0,Sgallasch-Melvin_BlackandWhite352
384,0,0,0,0,Sgallasch-SUSANBORGFIGURECHAMPIONMAGNIFICENTMALTESEMUSCLE122
385,0.0,0,1,0.0,Sgallasch-wwwgmvcomau_2006_NABBA_Universe894
386,0.543227249748,1,1,1.0,Sgallasch-wwwgmvcomau_ahmadhaidar918
387,0.989705943214,1,2,0.5,Sgallasch-wwwgmvcomau_al_beckles640
388,0.0,1,0,1,Sgallasch-wwwgmvcomau_charles_mario868
389,0,0,0,0,Sgallasch-wwwgmvcomau_gmv019dvd198
390,0.0,1,0,1,Sgallasch-wwwgmvcomau_GMV318DVD211
391,0.447975199904,1,1,1.0,Sgallasch-wwwgmvcomau_GMV324DVD144
392,0.998742310612,0,2,0.0,Sgallasch-wwwgmvcomau_GMV344360
393,0.680598368285,1,1,1.0,Sgallasch-wwwgmvcomau_GMV380DVD926
394,0.0,1,0,1,Sgallasch-wwwgmvcomau_GMV403DVD541
395,0.0,1,0,1,Sgallasch-wwwgmvcomau_gmv430784
396,0.0,1,0,1,Sgallasch-wwwgmvcomau_GMV648DVDpriest842
397,0.998136284901,2,0,1,Sgallasch-wwwgmvcomau_GMV659DVD772
398,0.890840995101,0,2,0.0,Sgallasch-wwwgmvcomau_Lenda_Murray502
399,0.0,1,0,1,Sgallasch-wwwgmvcomau_MelvinAnthony_Contest_Ready229
400,0.0,1,0,1,Sgallasch-wwwgmvcomau_mikeohearn_craigtitus919
401,1.05185660039,0,3,0.0,Sgallasch-wwwgmvcomau_rich_gaspari446
402,0.778741858402,2,1,2.0,Sgallasch-wwwgmvcomau_V008DVD456
403,0.0,1,0,1,Sgallasch-wwwgmvcomau_V195DVDDennis832
404,0.0,1,0,1,Sgallasch-wwwgmvcomau_V203DVD106
405,0.860422367523,1,1,1.0,SnitcherTV-SnitcherHardcoreBluesII362
406,0.933389236364,1,2,0.5,SnitcherTV-SnitcherHardcoreBluesIII417
407,0.748185381896,1,4,0.25,SnitcherTV-SnitcherHardcoreBluesIV328
408,0.700673137722,2,0,1,Solique-CinemaSceneDiscussionsMilosForman782
409,0.994136098767,2,0,1,Solique-TheRapeOfEuropaReview951
410,0,0,0,0,Spcbrass-AdiosArrivederciAuRevoirAufWiedersehenAndGoodbye626
411,0,0,0,0,Spcbrass-RainDrops770
412,0.0,1,0,1,SPI-ThursdayJuly242008BreakingNewsEdition202
413,0.0,0,1,0.0,Spindaily-IndependentSpiritAwardsRedCarpetStyle623
414,0.841735115173,0,3,0.0,Spindaily-LAFashionWeekVerusNewYorkFashionWeek327
415,0.0,1,0,1,Srnyclips-SportsRadioNYAnimationPromo963
416,0.15891608757,1,1,1.0,Stevegarfield-MyMomsCookies297
417,0.0,1,0,1,Studiomuscle-DanielJohnstonTheLastSong904
418,0.436181174586,1,1,1.0,Stupidfamouspeople-AdimariLopezLuisFonsiArriveToMarcAnthonys40thBirthday894
419,0.0,1,0,1,Stupidfamouspeople-AngelinaJolieSignsAutographsOutsideTheChangelingMoviePre561
420,0,0,0,0,Stupidfamouspeople-BobWeirPhilLeshOfGratefulDeadSignAutographsInNYC882
421,0.0,1,0,1,Stupidfamouspeople-BoxingAnnouncerMichaelBufferInNewYorkCity949
422,0.0,0,1,0.0,Stupidfamouspeople-BradPittAndAngelinaJolieLeavingTheChangelingPremiereIn964
423,0,0,0,0,Stupidfamouspeople-ChristianCamargoLeavesAllMySonsOnBroadwayInNYC868
424,0,0,0,0,Stupidfamouspeople-ClayAikenAvoidsGayQuestionsFromPaparazziAtSpamalot742
425,0.0,1,0,1,Stupidfamouspeople-DakotaFanningArrivesToTheTodayShowInNewYorkCity427
426,0.0,1,0,1,Stupidfamouspeople-FergieOfTheBlackEyedPeasArrivesAtFashionRocks2008Rehe858
427,0.0,1,0,1,Stupidfamouspeople-GuadalupeLopezJenniferLopezMotherArrivesToMarcAnthonys4115
428,0,0,0,0,Stupidfamouspeople-HarveyKeitelLeavesBarneysInNewYorkCity673
429,0.0,1,0,1,Stupidfamouspeople-JamieOliverTheNakedChefTalksOutsideDavidLetterman750
430,0.939573239519,1,1,1.0,Stupidfamouspeople-JayZAndKanyeWestLeaveMarcJacobsSpring2009FashionShowI466
431,0.0,0,1,0.0,Stupidfamouspeople-JenniferLopezAndVictoriaBeckhamArriveToTheMarcJacobsSp767
432,0,0,0,0,Stupidfamouspeople-JohnMayerAndBrotherCarlMayerLeaveNobuRestaurantInNewY868
433,0,0,0,0,Stupidfamouspeople-JohnMayerLeavesHisSohoApartmentInNewYorkCity226
434,0.0,0,1,0.0,Stupidfamouspeople-KatieHolmesStrollingThroughNewYorkCityAfterLeavingHerD440
435,0.0,1,0,1,Stupidfamouspeople-KimoraLeeSimmonsDjimonHounsouArriveToMarcAnthonys40th435
436,0,0,0,0,Stupidfamouspeople-KimRaverLeavesMarcJacobsSpring2009FashionShowInNewYor562
437,0.0,1,0,1,Stupidfamouspeople-KirstenDunstAtTheHounddogMoviePremiereInNYC985
438,0.0,1,0,1,Stupidfamouspeople-LeonaLewisAtFashionRocks2008InNewYorkCityFashionWeek531
439,0.0,0,1,0.0,Stupidfamouspeople-LindsayPriceAndBoyfriendRobertBuckleyOutAndAboutInNew188
440,0,0,0,0,Stupidfamouspeople-MileyCyrusChecksOutOfHerHotelInNewYorkCity258
441,0.721751269451,1,3,0.3333333333333333,Stupidfamouspeople-PaparazziFootageOfArtieLangOfHowardSternJokingWithFans826
442,0.0,0,1,0.0,Stupidfamouspeople-PaparazziFootageOfBenAffleckAndJenniferGarnerWithoutBab353
443,0.0,0,1,0.0,Stupidfamouspeople-PaparazziFootageOfBrookeShieldsAndGinaGershonInNewYork651
444,0.872002877544,1,1,1.0,Stupidfamouspeople-PaparazziFootageOfChampionBoxerRoyJonesJrAtGoodMorning829
445,0.0,0,1,0.0,Stupidfamouspeople-PaparazziFootageOfCynthiaNixonBeingGrumpyInTheCity519
446,0.0,0,1,0.0,Stupidfamouspeople-PaparazziFootageOfEmmaRobertsJuliaRobertsNieceInNewYor546
447,0.559060072167,1,2,0.5,Stupidfamouspeople-PaparazziFootageOfGuitaristStevenVanZandtOfBruceSprings959
448,0.935177336042,0,2,0.0,Stupidfamouspeople-PaparazziFootageOfJackBlackShowingOffHisKungFuPandaSk629
449,0.601612247501,0,2,0.0,Stupidfamouspeople-PaparazziFootageOfJennyLewisAtLateShowWithDavidLetterm133
450,0.604612270598,0,2,0.0,Stupidfamouspeople-PaparazziFootageOfJennyLewisAtLateShowWithDavidLetterm317
451,0.480277017859,0,2,0.0,Stupidfamouspeople-PaparazziFootageOfKateBosworthBoyfriendJamesRousseauIn611
452,0.0,1,0,1,Stupidfamouspeople-PaparazziFootageOfKellyRutherfordWithHusbandAndBabySon620
453,0.0,1,0,1,Stupidfamouspeople-PaparazziFootageOfRickyGervaisAtLateShowWithDavidLette756
454,0.794948008404,1,1,1.0,Stupidfamouspeople-PaparazziSayingHelloToTomCruisesMomAndKatieHolmesParen826
455,0,0,0,0,Stupidfamouspeople-PaparazziVideoOfKateBosworthAndBoyfriendJamesRousseauIn959
456,0.0,1,0,1,Stupidfamouspeople-PaparazziVideoOfMileyCyrusAtZ100AndDeniesAutographHoun625
457,0.0,1,0,1,Stupidfamouspeople-PhilCollinsHasNoTimeForHisFansInNewYorkCity729
458,0.997153783965,1,2,0.5,Stupidfamouspeople-RichardDreyfussLeavesThePremiereOfWInNewYorkCity378
459,0.582124437793,0,2,0.0,Stupidfamouspeople-RosiePerezAtTheWMoviePremiereInNewYorkCity493
460,0.524155654722,2,1,2.0,Stupidfamouspeople-SofiaCoppolaArrivesToMarcJacobsSpring2009InNewYorkCit929
461,0.670535772218,2,1,2.0,Stupidfamouspeople-TomCruiseAndKatieHolmesReturnHomeAfterAllMySonsOpenin152
462,0.0,1,0,1,Stupidfamouspeople-TomCruiseJadaPinkettSmithSneakIntoKatieHolmesPlay566
463,0.0,1,0,1,Stupidfamouspeople-UglyAgynessDeynAndAlbertHammondJrOfTheStrokesLeavingM278
464,0.83724539378,2,1,2.0,Subfightercom-BraboChokeFromHalfGuard226
465,0.0,1,0,1,Subfightercom-SideToBackPosition330
466,0.0,1,0,1,SynchroTheatre-123VideoTrailer550
467,0.0,0,1,0.0,SynchroTheatre-Hello287
468,0.999980226671,1,1,1.0,SynchroTheatre-SnowQueenTeaser651
469,0.0,1,0,1,Talkradionewsservice-CongressmanRoyBluntTalksAboutTheHouseInterruptingTheMem944
470,0.0,0,1,0.0,TastingNotesAtDistrict-RoccapiaSangioveseChiantiTuscanyItaly2007862
471,0.0,1,0,1,Teatips-TeaTipsEpisode14CravingTeas761
472,0.998969661122,1,1,1.0,Teatips-TeaTipsEpisode851952PuerhTea598
473,0.762481069814,2,1,2.0,Thatsportsshow-ThatSportsShowBlazingShootingAndCrossDressing920
474,0.319247695065,1,1,1.0,Thatsportsshow-ThatSportsShowMarburyPitBullsAndInterns384
475,0.0,1,0,1,Thatsportsshow-ThatSportsShowPartyBoatsAndGunshots852
476,0.326210373273,2,1,2.0,Thatsportsshow-ThatSportsShowTerrellOwens985
477,0.0,1,0,1,Thatsportsshow-ThatSportsShowThugsPunksAndMarkCuban250
478,0.595677896471,2,1,2.0,Thatsportsshow-ThatSportsShowWeHardlyKnewYe621
479,0.110418252864,1,1,1.0,Thatsportsshow-TwitsTwitterAndMattStraqsHeadExploding895
480,0.0,1,0,1,TheEpicSeason-JesseCsincsak357
481,0.884963636383,1,1,1.0,TheEpicSeason-VailResortsPresentsBeaverCreekColorado743
482,0.0,1,0,1,TheEpicSeason-VailResortsPresentsKeystoneColorado964
483,0.998974980812,1,1,1.0,TheEpicSeason-VailSnowdaze252
484,0.0,1,0,1,Theexsmoker-WelcomeToTheExSmokercom729
485,0.742213415755,1,4,0.25,TheJAMAREPORT-ADULTSTEMCELLSAREHELPINGPATIENTSWITHAUTOIMMUNEDISEASESA376
486,0.917686514764,0,3,0.0,TheJAMAREPORT-ADVANCESINGENETICMEDICINEAREGREATBUTSOMEHEALTHCAREWORKE804
487,0.898991483189,0,3,0.0,TheJAMAREPORT-BABIESBORNPREMATUREMAYHAVECONTINUEDHEALTHRISKSDURINGCHI237
488,0.804126613217,1,3,0.3333333333333333,TheJAMAREPORT-BISPHENOLAASSOCIATEDWITHANINCREASEDRISKOFDISEASEINADUL565
489,0.897394437564,0,3,0.0,TheJAMAREPORT-CHANGESTOMEDICAREANDACCESSTOCAREFORCANCERPATIENTS318
490,0.702504653906,1,4,0.25,TheJAMAREPORT-COMBINATIONOFMAMMOGRAPHYANDULTRASOUNDINCREASESDETECTIONOF782
491,0.769375654887,1,3,0.3333333333333333,TheJAMAREPORT-COSTOFTREATINGSPINEPROBLEMSINCREASESBUTPATIENTSONAVERAG415
492,0.849432024029,0,3,0.0,TheJAMAREPORT-FAMILYHISTORYOFCOLORECTALCANCERMAYIMPROVECHANCEOFSURVIV604
493,0.663191809621,2,4,0.5,TheJAMAREPORT-FATNESSVERSUSFITNESSCARDIOVASCULARFITNESSAPPEARSMOREIMPOR970
494,0.758171158873,1,3,0.3333333333333333,TheJAMAREPORT-GENEMUTATIONMAYHELPEXPLAINDIFFERENCEINLUNGFUNCTIONAMONG450
495,0.893098171068,0,3,0.0,TheJAMAREPORT-HIVINFECTIONRATESINUSHIGHERTHANFIRSTTHOUGHT184
496,0.743810303418,1,4,0.25,TheJAMAREPORT-HOSPITALIZEDPATIENTSARELESSLIKELYTOSURVIVECARDIACARREST590
497,0.878845975931,0,3,0.0,TheJAMAREPORT-LOWERBLOODPRESSUREANDCHOLESTEROLTARGETSFORDIABETICSMAYR892
498,0.746972657153,1,3,0.3333333333333333,TheJAMAREPORT-MERCKFAILSTODISCLOSEMORTALITYRISKASSOCIATEDWITHVIOXX529
499,0.827747786343,0,3,0.0,TheJAMAREPORT-MILITARYTROOPSRETURNINGFROMCOMBATMAYEXPERIENCEBINGEDRINK180
500,0.869691358752,0,3,0.0,TheJAMAREPORT-MONITORINGBLOODPRESSUREATHOMEANDONASECUREWEBSITEMAYH793
501,0.899710592569,0,3,0.0,TheJAMAREPORT-OBESITYLEVELSAMONGCHILDRENANDTEENSSTABILIZE688
502,0.805286813295,1,2,0.5,TheJAMAREPORT-PATIENTSLIVINGINRURALAREASARELESSLIKELYTORECEIVEORGAN429
503,0.532040367691,0,2,0.0,TheJAMAREPORT-RESEARCHERSIDENTIFYPREDICTORSFORSPINEFRACTURESMOSTCOMMON338
504,0.756349055519,0,4,0.0,TheJAMAREPORT-RESEARCHERSSTUDYUSFAMILIESINWHICHATLEASTONEPARENTHASH276
505,0.874550987057,0,3,0.0,TheJAMAREPORT-ROUTINECARDIACCATHETERIZATIONBENEFITSSOMEWOMENWITHHEARTD782
506,0.721606729394,1,4,0.25,TheJAMAREPORT-SOMEPATIENTSNOTABLETOAFFORDPRESCRIPTIONSDESPITEENROLLING660
507,0.924430283626,0,3,0.0,TheJAMAREPORT-STJOHNSWORTDOESNOTIMPROVESYMPTOMSOFATTENTIONDEFICITHYPE461
508,0.550710388914,0,2,0.0,TheJAMAREPORT-STUDYFINDSASSOCIATIONBETWEENDIABETESANDDEPRESSION881
509,0.833899347053,0,4,0.0,TheJAMAREPORT-STUDYFINDSBETTERQUALITYOFLIFEFORTERMINALLYILLPATIENTSW666
510,0.923970716993,0,3,0.0,TheJAMAREPORT-STUDYFINDSBVITAMINSDONOTHELPPREVENTHEARTATTACKSORSTRO962
511,0.739300575604,1,3,0.3333333333333333,TheJAMAREPORT-STUDYFINDSDIVERSITYWITHINUSMEDICALSCHOOLSHELPSTOTREATA629
512,0.639201716433,2,3,0.6666666666666666,TheJAMAREPORT-STUDYFINDSGINKGOBILOBADOESNOTHELPPREVENTDEMENTIAANDALZ761
513,0.896085036949,2,2,1.0,TheJAMAREPORT-STUDYFINDSHIGHDOSEINTAKEOFTHREEBVITAMINS578
514,0.909280013077,0,3,0.0,TheJAMAREPORT-STUDYFINDSHIGHDOSEINTAKEOFTHREEBVITAMINSDOESNOTREDUCE116
515,0.847575716739,2,2,1.0,TheJAMAREPORT-STUDYFINDSHIGHDOSEINTAKEOFVITAMINSCEDOESNOTREDUCERIS816
516,0.741622774457,1,2,0.5,TheJAMAREPORT-STUDYFINDSMANYCHILDRENARENOTGETTINGTHEPHYSICALACTIVITY334
517,0.928414453912,1,2,0.5,TheJAMAREPORT-STUDYFINDSMARIJUANASMOKINGISRISKFACTORFORGUMDISEASE519
518,0.847858269342,0,3,0.0,TheJAMAREPORT-STUDYFINDSPHYSICALACTIVITYMAYHELPIMPROVECOGNITIVEFUNCTIO827
519,0.891790025248,0,3,0.0,TheJAMAREPORT-STUDYFINDSPOPCORNNUTSANDCORNDONOTINCREASETHEINCIDENCE585
520,0.835618263162,0,3,0.0,TheJAMAREPORT-STUDYFINDSRACIALDISPARITYNOLONGERASSOCIATEDWITHNATIONSC280
521,0.818833443808,2,3,0.6666666666666666,TheJAMAREPORT-STUDYFINDSSIGNIFICANTDIFFERENCESINCARDIACARRESTINCIDENCE764
522,0.872194349209,0,4,0.0,TheJAMAREPORT-STUDYMEASURESPREVALENCEOFCANCERCAUSINGGENEMUTATIONINHISP365
523,0.825132191416,2,2,1.0,TheJAMAREPORT-STUDYSHOWSCHANGEINLIFESYTLEHABITS389
524,0.887357759112,1,4,0.25,TheJAMAREPORT-TEENAGERSWHODONATEBLOODMAYEXPERIENCEANADVERSEREACTION941
525,0.524107826048,0,2,0.0,TheJAMAREPORT-TESTOSTERONESUPPLEMENTATIONNOTBENEFICIALINCOMBATINGMOSTEF226
526,0.905864736714,1,2,0.5,TheJAMAREPORT-VIAGRAAPPEARSTOHELPTREATANTIDEPRESSANTRELATEDSEXUALSIDE318
527,0.868470390572,0,5,0.0,TheJAMAREPORT-VITAMINEIMPORTANTTOPHYSICALHEALTHASYOUAGE908
528,0.937280149756,1,2,0.5,TheJAMAREPORT-WEIGHTLOSSDRUGSHOWSPROMISEFORHELPINGTHOSEWITHCORONARYH748
529,0.73417433547,1,2,0.5,TheJAMAREPORT-WOMENREMAINATRISKFORBREASTCANCERTHREEYEARSAFTERSTOPPIN770
530,0.886900751035,0,3,0.0,TheJAMAREPORT-WOMENWHOQUITSMOKINGCANDECREASETHEIRRISKOFCERTAINFATAL707
531,0.28421869581,2,1,2.0,TheOintment-4000th264
532,0.257822217802,1,1,1.0,TheOintment-BlackAndWhite502
533,0.411558411515,1,2,0.5,TheOintment-ClintonAccusesObamaOfPlagiarism180
534,0.30321598856,2,1,2.0,TheOintment-DaddysUterusAndOtherStories958
535,0.0,1,0,1,TheOintment-EncoreSuperTuesdayUpdate896
536,0.0,1,0,1,TheOintment-FakeHillaryClintonAdExperienceMatters814
537,0.330682380019,2,1,2.0,TheOintment-FridayFreshness590
538,0.56894168408,1,1,1.0,TheOintment-GasPain438
539,0.303239336889,2,1,2.0,TheOintment-HappyMothersDay180
540,0.381583415496,2,1,2.0,TheOintment-JuniorSuperTuesday715
541,0.570187533343,0,2,0.0,TheOintment-MondayMadness320
542,0.373006146806,2,1,2.0,TheOintment-NotSoSuperDelegates487
543,0.338082092647,2,1,2.0,TheOintment-ObamaClintonGrudgeMatch758
544,0.223068530749,2,1,2.0,TheOintment-TaxDeadline756
545,0.807908434366,1,2,0.5,TheOintment-WeekInReview22208481
546,0.2879959212,1,1,1.0,TheOintment-WeekInReview4408583
547,0.914124657774,1,3,0.3333333333333333,TheOintment-WithFriendsLikeThese940
548,0.442376850095,2,4,0.5,TheWineVault-CentralOtagoVsMarlboroughPinotNoirWVTVEpisode74534
549,0.315383340325,3,3,1.0,TLDM-CharismaticDelusionPart1Of4741
550,0.627868262275,4,6,0.6666666666666666,TLDM-TheMiraculousStoryOfBaysidePart10Of11607
551,0.708941371101,2,5,0.4,TLDM-TheMiraculousStoryOfBaysidePart11Of11993
552,0.346480745205,2,2,1.0,TLDM-TheMiraculousStoryOfBaysidePart3Of11630
553,0.257548820638,2,2,1.0,TLDM-TheMiraculousStoryOfBaysidePart7Of11111
554,0.784220966132,4,0,1,Tooncast-TalkLikeAPirateDay993
555,0.678680779934,3,0,1,UBM-02050dManchildAndBride04944
556,0.673031854001,3,3,1.0,Underlab-ShortFilmsDawnDubrielsTheLastDutchess521
557,0.0,0,1,0.0,Useeblu-BlubrryJamIsComing335
558,0.0,1,0,1,VirginBob-CourteenersToHeadlineNextVFestival406
559,0.936431021185,4,0,1,VirginBob-CutCopyVFestivalMelbourne450
560,0.982174317369,2,0,1,VirginBob-DuranDuranVFestivalMelbourne275
561,0.907758790694,5,0,1,VirginBob-PresetsVFestivalMelbourne656
562,0.0,1,0,1,VirginBob-VFestivalPerthAustraliaPart3367
563,0.0,1,0,1,VirginBob-VFestivalPerthAustraliaPart4584
564,0.0,1,0,1,VirginBob-VFestivalStealsTheSunshine834
565,0.780746991868,2,2,1.0,VirginBob-WhipcrackinVFestival241
566,0.62331959157,2,3,0.6666666666666666,Wardy-Episode36CheeseSteak697
567,0.761059476212,3,1,3.0,Wardy-Episode71Announcement737
568,0.297894753371,4,5,0.8,Wardy-RestaurantFoodFastEpisode24494
569,0.466502841606,7,3,2.3333333333333335,Weldon-BradyWiederholdKneeDrill2380
570,1.01546659456,2,1,2.0,Weldon-DrHollingsworthAcupuncture313
571,0.308567863181,4,2,2.0,WybaK-MIRACLEKAABAAVOIR920
572,0.0,1,0,1,Wyshy-IJoebotConfessional600
